如何开启戴尔Mini 10的3G服务," 1）开机，点击桌面上的G3随e行软件，点击自动连接，然后点击“操作”（或“帮助”）菜单下的“自助服务”
   2）完成绑定用于每月付费的手机号码，选择每月3G数据流量套餐
   3）选择绑定-〉返回成功页面--〉提示客户输入绑定号码-〉客户输入绑定号码，点击获取短信动态密码-〉客户输入短信动态密码-〉业务平台返回套餐列表页面-〉客户选择套餐-〉业务平台返回绑定号码及所选套餐信息页面-〉客户确认绑定-〉绑定成功，并向绑定号码发送绑定成功短信。
"
运行G3随e行后，提示无SIM/USIM卡或SIM/USIM卡错误该怎么办？,关闭电脑，取下电池，检查USIM卡是否插好，或重插USIM卡。或使用交换测试的方法，使用手机SIM测试。
运行G3随e行后，提示找不到设备该怎么办？,检查设备管理器中，调制解调器项目下是否有标为NexperiaTM System Solution的其它设备。如果有，重新安装内置TD Modem驱动程序。
如何确定G3随e行的版本？,打开G3随e行，菜单中“帮助”-“关于G3随e行”，新窗口的第一行即为版本号
重新安装了系统，发现内置Modem驱动不见了，该怎么办？,请从http://114.dell800.com/driver/3gDriver.rar 下载驱动程序，进行安装Mini10 3G模块驱动及应用软件下载:http://www.dell800.com/thread-14238-1-1.html 
重新安装了系统，发现G3随e行不见了，该怎么办？,请从http://114.dell800.com/driver/eWalk3.2.1.16.rar下载该程序，进行安装
触摸板的多点触控功能无法使用？,触摸板的多点触控需要驱动的支持，要安装触摸板驱动，可以使用驱动光盘重新安装驱动或到网站下载触摸板驱动。Mini 10驱动程序下载http://www.dell800.com/thread-11576-1-1.html 
重新安装XP系统过程中按F8接受协议时无法通过,由于键盘上的F8及其他的F1-F12的功能键要配合Fn键配合使用，所以接受协议时要按Fn＋F8键。
什么是ICCID和IMEI？有什么作用？,SIM卡的背后有4组5位共20位的号码是ICCID，笔记本电脑的背面有一条白色纸条上面有写IMEI后面有15位的号码。DELL公司在为客户做退换机或换USIM或换3G模块时要记录。
开机时注册，EWALK显示注册到EDGE？,可能原因：电脑处于地方的TD网络信号弱或网络尚未升级，没有TD网络信号。解决办法：可以移动到有TD网络信号较好地方再试或咨询本地移动10086客服了解TD网络信号覆盖情况。
出厂只有一个分区，该怎么样重新分区？（备注：后续Mini10出厂已经分区）,"方法一：客户可以参考http://www.dell800.com/thread-15173-1-1.html，下载第三方分区软件来分区
    方法二：如最终客户为全球通金牌VIP客户， 请致电800 858 0655 -3  (or 400-884-9420-3 ) ， 由售后工程师判定并安排客户送到DC 服务中心处理。目前支持的城市有北京、上海、天津、广州、深圳、沈阳、厦门、保定、青岛、秦皇岛
    方法三：客户可致电戴尔售后服务部门， 800 858 0655 -3  (or 400-884-9420-3 )，售后工程师指导客户重新安装操作系统，并进行分区（需要客户有移动光驱）"
拨号出现734错误或连接不上，应该如何解决？,确认当地有TD 3G信号，并确认安装了G3随e行3.2.1.16以上的版本，确认USIM是否已经成功和手机号绑定。下载（连接工具下载链接：http://114.dell800.com/driver/3Gnetworksetting.rar 用于拨号出错时使用）解压后运行里面的exe文件。设置速度2M，设置成功后，重启机器重新拨号。
为什么有的品牌下载速度很快，能达到在500K－600K/s ，Mini10速度是300多K/s？,G3上网本的上传、下载速度依据是本地TD网络情况而有所不同和终端本身的QoS设定，网络本身QoS的设定和SIM卡里面的签约速度有关。移动总部要求终端本身QoS的设定应该是1，4，0，0（签约速率），同时网络应该支持签约速率，签约速率是指SIM卡里面设定的速率。由于各品牌笔记本内置3G模块的QoS设定不同，在同样的网络环境下，会出现别的笔记本可以上384kbps以上，而Mini 10被限速384kbps。
关于触摸板的灵敏度的疑问,"这个触摸板采用了DELL的最新TOUCH技术，是高科技产品，关于灵敏度不够主要原因是使用习惯和使用熟练程度的问题。
    TOUCH触摸板的使用介绍：
     Mini 10有一个touch技术，是挺酷的。但是在拿到机器的时候发现他的使用并没有像video一样容易上手，人员在试时会感觉到失望，大家别浪费了这点拉风的技术。出厂时的设置一般为中等敏感度，大家可以在“鼠标的属性中的Elantech”来进行设置，这里同时有教大家如何使用touch技术I（我设的是倒二高的敏感度）  这个使用的时候需要一定的适应。 比如说：四指按下时是直接进入桌面，在实际操作时可以将四指的中部按下，这样的触点的效果会好很多的。其他的放大，缩小等有如iphone的功能的手感需要适应一下才能达到自如的地步。 在多次试后，找到手感点，这个特性就完全发挥了。

    若新机触控板生灵， 根本无法使用，请升级触摸板驱动，触摸板驱动下载链接：http://ftp.us.dell.com/input/R216012.EXE。如升级驱动后故障同样，请直接拨打售后服务电话 400 8849420-3 。
    若新机触控板使用时鼠标移动缓慢，请升级触摸板驱动，触摸板驱动下载链接：http://ftp.us.dell.com/input/R216012.EXE。如升级驱动后故障同样，请直接拨打售后服务电话 400 8849420-3 "
开机时提示无SIM卡/USIM卡,"    A.请检查是否已经插入SIM卡/USIM卡
    B.如果插入，请检测SIM卡/USIM卡接触是否良好
    C.检查SIM是否损坏？ （换SIM卡使用；将该SIM卡在其他终端试用）
"
因特网连接失败怎么办,"    A.确定是否在服务区内，有无网络信号
    B.如果有网络信号，请确定您是否已经开通无线上网业务，如何开通请咨询当地网络运营商
    C.如果您确认已经开通了无线上网业务,查看eWalk  上网 注意事项
    D.是否需要QoS设置？提供小工具
    E.上网资费卡是否欠费？是否漫游？
    F.排除 杀毒软件的影响"
开机时软件界面提示无信号,"    A.请检查是否插入了SIM卡/USIM卡；
    B.如果插入SIM卡/USIM卡，请检查SIM卡/USIM卡是否有PIN码；
    C.请将上网本搬到信号较好的地方再进行测试。"
为什么打开软件提示未找到设备，或没有反应？,"    A.检查设备管理器的Modem是否正常显示
    B.此时网卡设备通讯端口可能被其他软件占用，请将电脑关闭，再重新开机"
为什么注册不上网络？,"   包括如下原因：
   1）当地信号不稳定;
   2）上网资费卡是否有效；
    可分别采取：
   1）换个地方重试；
   2）咨询当地服务商资费卡是否正常状态；"
为何拨号连接成功但是无法打开网页,"  A.网络繁忙，请尝试 刷新网页
    B.由于移动网络DNS服务没有正确的分配，请挂断重新拨号试试
    C.是否需要QoS设置？提供小工具"
检查eWalk版本, 软件--帮助--关于G3随e性 ，版本在3.2.18以上
显示限制服务,"    A.检查SIM是否插入？
    B.不在服务区？
    C.关闭电脑，重新开机"
其他检测方法,"    A.排除其他 USB设备影响
    B.手机（or数据卡）等Modem设备影响"
为什么编辑短信时使用“粘贴”功能后发现只显示了部分内容？, 编辑短信时，文本内容最多为2048 个字符。如果“粘贴”时的信息超过了以上限制，则多余部分将被自动删除
为什么收到短信时，不出现提示窗口," 没有设置短信的视觉提示功能。
 进入菜单“工具 > 选项 > 短信”，在“短信到来提示”区域框中选中“视觉提示”前的复选框
"
为什么会发送短信失败 ？,"请确认短信中心号码是否正确，可咨询当地网络运营商
"
无法使用3G上网，WWAN状态为关闭。,建议客户打开无线助手中的WWAN模块开关即可。
在没有安装电池情况下无法使用3G无线上网功能,"告知客户使用3G无线上网必须要连接电池。
   1）拔下笔记本电池，再重新装回去，机器会因为“保护USIM卡”关闭WWAN模块。
   2）在2G/3G切换时，如果搜索网络时间较长(超过30秒)，会触发“飞行模式”，关闭WWAN模块，在重新搜索到信号时也不一定会自动启用。
    这两种情况下，需要客户在“HP Wireless Assistant”软件中手动启用WWAN模块，后一种情况有时还需要重启机器。
"
客户绑定号码申请停机后，现已再申请开机，但是G3上网笔记本无法上网。,此情况是由于归属省BOSS客户绑定号码的HLR状态与基地省BOSS内置卡号码的HLR状态无法及时同步导致，为保证客户的及时使用，可由基地客服协助手工重置内置卡号码的HLR数据
为什么HP上网本必须安装电池，或拆下电池之后再装回就无法使用无线上网,"这是HP为此款产品设计的一个特性。由于USIM卡插槽在电池仓侧面，在未安装电池时可能会发生USIM卡脱落的情况。为了保护USIM卡，机器设定为在未安装电池或拆卸过电池时自动关闭WWAN模块。此时需要将电池正确安装，然后在系统中手动启用WWAN模块。
"
重新安装系统后需要3G软件及驱动程序。,驱动程序可以从HP网站下载，地址：http://h50176.www5.hp.com/support/VA694PA/drivers/os_1098.html，随e行客户端可以从移动公司网站下载。
客户进入自助服务平台在第一步协议同意后再按下一步就弹回去开始的界面。,当前自助服务平台的确会存在偶有不稳定现象，正进一步优化中，此情况建议客户多操作几次即可解决。
G3上网本默认安装“G3随E行”客户端软件，客户重装系统后删除了如何再安装？,集团公司下载路径：http://www.chinamobile.com—PC客户端软件下载；直接下载路径：http://www.chinamobile.com/download/G3_EWalk(3.2.1.16).zipq。
客户开启“G3随E行行客户端软件后”找不到“自助服务”。,自助服务通常会在“操作”或“帮助”终端的菜单下，常规1.8版本的在“帮助”下，其它版本的在“操作”下。
如何确定G3随E行客户端软件的版本？,终端菜单中“帮助”或“操作”-“关于G3随e行”，新窗口的第一行即为版本号。
随E行客户端软件自动升级时使用的是CMLAP还是CMTDS？,随E行客户端软件自动升级时使用CMTDS接入点不合理，每次更新时需占用约11M的流量，假若客户不申请套餐即将产生约112元的流量费用，因此有必要提醒客户目前最好通过有线时升级。
客户运行QQ软件时提示无法登录或登录后经常掉线。,由于网络协议的问题，无法传送超过1500KB的数据包，现时建议客户使用较低版本的QQ软件。
提示无USIM卡或USIM卡错误该怎么办?,当前所有终端USIM卡槽未做加固和防震保护，USIM卡容易松动，导致无法识别，建议客户将USIM卡重新固定即可解决。
"G3上网本是否可以置入2G的SIM卡进行使用？（多数客户反映不行，提示无法识别）
",移动集团最新的统一解释口径是不可使用。
开启WWAN模块后，拨号时提示：错误734  ppp链接控制协议终止。,"解决方法：有两种可能：
   1）Usim卡绑定实时性问题引起，联系移动解决。
   2) 将WWAN模块的firmware升级到最新版（目前是1.00.20）可以解决此问题。"
无法正常上网，提示“错误678，远程计算机没有响应”？,该错误很可能是由于服务绑定错误或USIM卡没有激活造成的，建议客户检测激活是否已成功，如客户意见大，要求代为绑定，可确认后交由基地客服代为操作。
拨号时提示720错误或连接不上？,确认当地有G3信号，并移动到室外（空旷的地方）重新连接G3网络再试。
"G3上网本在首次绑定时，将赠费充入绑定账户。如果客户购入G3上网本，不进行绑定操作，是否有有效期限制必须多久时间内进行首次绑定？
","2009年购买了随e行G3上网本（内置USIM卡）但从未产生绑定关系，内置卡号码在2010年12月31日将被回收；去绑定（或业务暂停）后连续6个月未产生绑定关系（或业务恢复），内置卡号码将被回收。 客户需带上上网本IMEI号及服务方式到厂家办理补卡业务。
"
中国移动的G3含义是什么啊？,"1）创意诠释：全案以水墨手法勾勒出G字，右上方以中国印章刻画出3字。在整体造型上美观协调，颜色搭配和谐，富有中国元素和强烈的视觉效果；阶段性Slogan突显了该标识与3G的映射关系。
   （2）传播诉求：G3是3G时代移动生活方式的领先者，为消费者提供一种便捷高效和精彩丰富移动生活方式；G3也是中国移动基于自主创新知识产权的移动通信技术标准，推动民族科技创新的产物。3G的速度和效率满足客户随时随地沟通与分享的需求，进一步延伸他们的视野，拓展其沟通方式，让生活更加充满激情和快乐。"
3G好用么？,中国移动目前采用的3G标准为TD-SCDMA。TD是中国第一个拥有自主知识产权的国际标准，开创了中国参与国际电信标准化的先河。同GSM、其他3G技术相比，TD在功能、性能和业务上都有一定优势，而资费与GSM相同。为了方便客户使用，我公司经过大量系统改造，实现了客户“不换卡、不换号、不需要登记”就可以使用先进的TD业务。也就是说，您除了购买一台TD终端，不用做其他任何事情您就将获得更好的使用体验。就算是到了没有TD网络的地方，照样可以使用GSM网络打电话。所以使用TD是一个时尚而稳妥的选择。
3G都提供哪些服务？,除原有业务功能外，在TD上支持的3G特色业务有可视电话、可视电话补充业务、视频留言、视频会议、多媒体彩铃等。另外，中国移动主推的TD特色业务还包含更快的无线上网速度。您不需要更换号码、不需要更换SIM卡，也不需要到营业厅登记，只需要更换TD手机，就可以使用3G特色业务。
中国移动的3G采取何种制式？,中国移动目前采用的3G标准为TD-SCDMA，是国际上主流的3G标准之一。TD标准的提出，是中国通信业技术创新的典范，也是中国对第三代移动通信发展所做出的重要贡献。目前，中国移动TD网络的版本是R4，但是在关键技术指标上已经具有R5的特征，实测终端下载数据传输速率能够达到800kbps以上，而GSM的数据业务EDGE实际测试数据下载传输速率只有170kbps。
188是不是中国移动使用3G网络的专用号段？,188是中国移动的新号段，客户可以选用188号段使用3G，老客户根据“不换卡、不换号、不需要登记”也同样可以使用先进的TD业务，除了购买一台TD终端，不用做其他任何事情您就将获得更好的使用体验。（供了解：189是中国电信的号段，就是原中国联通的CDMA，也可使用在CDMA演进的3G手机上。）
你们广告里一直在说G3，G3，不是3G网络吗，这两个有什么不一样？,3G是承载网络，而“G3”则是中国移动针对3G服务推出的独有3G品牌标识。
如果我换用了3G手机是否就能用TD网络了？,目前中国移动采用的的3G标准为TD-SCDMA，所以，只有使用TD手机，才可以在我们中国移动TD网络覆盖的地方体验3G特色服务，而且它是向下兼容的，在没有TD网络的地方，照样可以使用GSM网络。具体您可以关注各手机品牌厂商的信息。
使用3G，我原先的资费功能会受影响吗？,3G使用只是为您提供更为优质丰富的服务，对您原有的业务功能及标准资费不会造成影响，此外，因服务内容的增加会视情况推出适合您的套餐组合。
老是说移动用的是拥有自主知识产权的3G标准，那么，3G牌照发3家到底是怎样的？,目前世界有TD-SCDMA、WCDMA、CDMA2000三大3G标准，境内则由中国移动、中国联通、中国电信拿到了分属的三张3G牌照。
为什么手机在某个区域收不到3G网络信号,由于中国移动的3G网络还在不断的建设完善中，目前3G业务的网络覆盖还达不到移动2G网络的覆盖水平。但由于中国移动2G和3G网络是可以自由切换的，因此您可以在3G网络信号良好的区域享受3G服务，在网络暂时还没有建成的区域通过中国移动GSM网络的无缝覆盖使用2G服务。今后随着我们3G网络的不断完善，3G网络的信号会和移动GSM网一样好。
为什么3G手机通话质量不好？有掉话、单通、通话不畅的现象？,由于中国移动的3G网络还在不断的建设完善中，目前3G业务的网络覆盖及网络切换还达不到移动2G网络的水平。需要进一步进行网络覆盖及优化工作。今后随着我们3G网络的不断完善，3G网络的信号会和移动GSM网一样好。
为什么3G视频通话有时会出现视频图像中断但话音通信正常的现象？,"由于中国移动的3G网络还在不断的建设完善中，目前3G业务的网络覆盖还达不到移动2G网络的覆盖水平。当您在进行视频通话时，移动到了没有3G信号覆盖的区域时，您的手机会自动切换到移动的2G网络上，这样就会发生视频图像中断但话音通信正常的现象。 "
为什么3G高速无线双模上网卡上网速度有时会慢下来，并没有像你们介绍的3G上网速度那样快？,因为您现在使用的是移动公司推出的3G高速无线双模上网卡，在有移动3G网络覆盖的区域上网时，使用的是3G网络，上网及下载的速度就高；当您在没有移动3G网络覆盖的区域上网时，使用的是移动2G网络的EGPRS，上网及下载的速度就会比3G网络低一些。
为什么无法拨打视频电话?,"发生该问题有几种可能：    1）拨打的对方手机不是3G手机，对方无法进行视频通话。    2）双方手机没有都处在3G模式或者网络下，如果有一个未处在3G网络下的话是没法视频电话的。    3）客户所处的位置3G信号不强。    4）客户尚未开通3G视频电话业务。"
视频为什么不清晰，手机动一下视频会有马赛克?,视频不清晰与手机本身的象素有关系，还有跟对方手机的摄像头象素也有关系，如果手机象素低视频就会不够清晰的现象。有马赛克是因为手机移动的速度过于迅速，视频传输跟不上你的移动速度。
为什么视频通话图象会卡、会延迟?,因为视频本身的传输容量就很大的，传输起来会有一定的延迟，再加上有些3G手机本身的配置不高，所以会造成视频延迟问题。
视频电话接通了为什么看不到视频画面?,你看下手机屏幕上的视频按钮是否处于关闭状态，如果是处于关闭状态，你点击打开就可以看到画面了。
为什么不能跟香港的客户进行视频?,目前内地跟香港使用的网络现在还不能实现相通，尚无法进行视频通话，等内地与香港等地的网络联通后，就可以与香港客户进行视频通话了。
为什么现在还不能使用视频留言、视频会议等业务?,因为目前这些业务还没有开通，我们正在加紧网络建设，相信过段时间你就可以使用了，届时请您关注我公司相关业务的通告。
"手机怎么设置为3G网络? ","如果在有3G网络覆盖的前提下，手机优先进入的都是3G网络，如果需要手动设置的话，大多数手机都可进入主菜单-设置-网络设置(通话设置）-网络模式，然后选择TD-SCDMA或者选择TD-SCDMA优先(自动双模），有个别手机会有差异，你可以详细查看手机说明书。
"
3G手机为什么这么耗电，用一天就没电了?,"因为3G手机的屏幕都比较大，且可视电话等3G视频业务都是比较费电的，所以3G手机较普通手机耗电量要大。
"
为什么手机打了一个视频电话后很烫?,相比较2G通话，3G可视电话业务需使用3G手机的视频功能及高速数据传输功能，耗电量较多，视频电话连续打多了或者时间比较长手机电池会产生发烫的现象，您可选择停止视频通话一段时间来让电池冷却。
为什么我开机后手机长时间显示注册网络中?,可能你所处的位置3G信号不是很强，3G手机默认设置的是优先选择3G网络，如果您所处位置3G信号较弱，手机搜寻、注册网络就会比较慢，你稍等一下或者你换个地方可能就会好，如果等待一段时间还是不行，建议您尝试关机后重新开机一下。
"安装上网卡驱动不成功问题。 ",请按照说明书的提示按步骤安装。如果网卡与机器中其他设备发生冲突无法正常安装，则需卸载与网卡冲突的设备。
、基本上所有上网卡都存在点击图标，在连接界面出来以后马上点“连接”，会提示：没有网卡或者没有网络。,插上网卡后应等待一段时间，完成硬件的初始化。等modem初始化完毕或信号标识出现后再点连接。
更改连接的网络类型后不能正确连接网络。,"在更改网络类型后不能马上点连接网络，需要等提示已经完成网络模式的切换才能连接（比如：弹出“已经从2G网络切换到3G的对话框”，点击确认后才能点“连接”）。遇到某些网卡还是不能正常连接的需要重新插拔网卡。（华为ET128有时会发生PPP连接错误。） "
网卡在断线后无法重新连接。,重新插拔上网卡，让网卡重新初始化后连接，大部分网卡都能够使用了。如果还是不行，只能卸载驱动后重新安装。
中兴MZ29（EDGE卡）在插上电脑，自启动后会找不到网络（NO SERVICE）。,需要关闭程序后手动重新打开软件。
某些双模卡（大唐DTmobile，华为ET128）在TD信号较强的时候无法手动切换到2G网络。,目前只能远离TD信号较强的地段。
网卡在长时间使用后性能下降。,客户如果在长时间使用后导致上网卡发热，可能使得网卡性能下降。可停止使用上网卡一段时间等网卡冷却后再使用就可以了。也有可能是因为客户所在区域的网络状况不佳，比如客户处在2个小区的的交界处使用网卡，或者信号比较弱的地方。网卡在使用过程中会频繁切换或搜索网络，导致网卡负担过重，从而大量产生热量。建议客户应该避免在这些区域使用上网卡。
什么是“4G高速网关”（或4G高速无线网关）？,“4G高速网关”即是一种接收LTE信号的无线终端接入设备（CPE），一般的PC、打印机等可以直接连接CPE，或通过连接CPE转换出的WIFI信号连接到4G网络。“4G高速网关”可以支持多个（2-5个为宜）用户同时在线上网，并可连接PC、IPAD、手机、游戏机等所有WIFI设备上网。
4G高速网关和有线宽带有何区别,这是两种不同的应用场景，CPE高速网关即无线宽带我们着重向大家推荐的是它的便捷性同时您可随时随地可以高速上网，这是有线快带无法实现的，4G网络的加密算法也都采用了目前业界领先的技术。
“4G高速网关”提供的无线网络，覆盖范围是多少？,在空旷的理想环境下，wifi的覆盖范围是50m左右。
我买了“4G高速网关”设备，该怎么使用？,"简单来说，完成以下几步即可开始4G上网冲浪：
(1)连接电源：把电源适配器的AC出口连接到CPE的POWER端口。
(2)连接其他设备（非必选）。通过网线把局域网设备，如电脑或交换机，连接到CPE的LAN端口。
(3)按下POWER按钮，启动CPE。启动CPE后，您可以微调CPE的位置和方向以便取得更强的无线网络信号，网络信号强度由指示灯显示。
（4）访问Web管理界面。CPE的Web管理界面是基于网络浏览器的配置接口，允许用户通过浏览器更方便的设置、配置和管理设备。
（5）以Windows XP操作系统和IE浏览器7.0为例，访问Web管理界面，参考如下步骤：
A：确保CPE已连接正确。
B：设置连接电脑的IP地址，确保电脑的IP地址和CPE在同一个网段中。默认情况下，CPE的IP地址是192.168.1.1，子网掩码是255.255.255.0。如果CPE要作为路由器工作，建议自动分配IP地址和DNS设置。


C：运行IE浏览器，在地址栏输入http://192.168.1.1并回车。
D：在登录窗口输入正确的密码，点击登录。通过校验后，您可以在Web管理界面中执行操作。"
上网流量是怎么算的？,1G=1024M、看网页、查资讯：一般0.1-0.2M/1个网页；刷微博：一般10-100K/个微博；挂股票：约10-50M/小时；在线视频：一般100-500M/部
3G和4G稳定性比较？,网络的稳定取决于网络覆盖质量，基站覆盖情况越好，就会越稳定，目前建设的4G网络是在3G基础上同频升级实现的，4G基站的分布及使用的频段与3G网络十分相近，所以技术上4G网络的覆盖并不会输于3G，同时大家都知道中国移动一直致力于打造精品网络覆盖，相信4G网络的建设一定会更加出色
我的“4G高速网关”能正常开启，但在杭州不能正常使用,"（1）询问客户所在的地点，首先与4G网络覆盖图对照。如果不在4G网络覆盖范围内的，解释口径为：“4G高速网关”目前只能在中国移动4G覆盖范围内使用。请杭州公司提供详细4G网络覆盖图。
    （2）若客户所在地点在4G覆盖范围内的，查看该号码服务状态是否正常。
    （3）若服务状态正常，再询问4G高速网关是否正常启动，若正常，录入投诉工单，派单处理。
"
“4G高速网关”经常断线怎么办？,录入投诉工单，派单处理
“4G高速网关”不能正常工作情况怎么办？,"（1）POWER指示灯不亮
     请检查电源连接是否可靠，并确认已经接通电源。请确认电源适配器是否满足产品规格。
    （2）确认CPE已启动。
    确认连接CPE和电脑的网线工作正常。
    确认连接电脑的IP地址设置正确。
    （3）不能找到无线网络
    检查电源适配器，确认电源适配器连接正确。
    确认CPE放置在开阔的空间且远离混泥土或木制墙的障碍物。
    确认CPE远离会产生强电磁场的家电，如微波炉、电冰箱或者圆盘式卫星天线。
    （4）CPE的电源适配器过热
    长时间使用后CPE会过热。因此，当您不使用时请关闭设备。
    把CPE放置在通风良好的地方且避免阳光直射。
"
“4G高速网关”设备坏了怎么办？,客户办理在1个月内，由于网络、终端原因导致无法正常使用的，可以至办理营业厅无条件退换货。
"杭州客户咨询浙江三地4G试商用问题： ",  尊敬的客户，您好！2月2日起浙江移动实现杭州、宁波、温州三地4G漫游互通，4G上网伴侣用户轻松携带终端即可实现在三地4G区域享受4G高速上网；近期杭州公司也在对硬件设备等方面做进一步的升级优化，预计在2月5日、6日左右杭州4G上网伴侣用户可真正实现在杭州地区3/4G互操作。（具体业务办理规则详询营业厅）谢谢！
省内漫游时客户出现使用不畅情况（例如断线、吊死等）, 尊敬的客户，您好！省内三地（杭州、宁波、温州）4G漫游互通功能刚上线，在前期使用过程中，可能会出现一些问题，我们会不断的对系统进行完善，希望您能够谅解及支持我们4G业务的发展。感谢您的支持！
3/4G互切换过程上网伴侣LED出现黑屏,尊敬的客户，您好！在3/4G网络互切过程中，由于上网伴侣应用程序也同时在进行切换，故上网伴侣会出现短时间的黑屏现象，但此时网络侧已正常的进行了切换，对您的使用基本没有影响。对于终端黑屏现象我们也已经反馈给技术人员做进一步的优化完善，希望您能谅解。
3/4G切换过程中电脑WiFi链接出现瞬断,尊敬的客户，您好！4G采用的是TD-LTE网络，有别与3G网络，所以在3/4G互切过程中有可能会出现断线情况，一般情况下，待互切成功后，上网设备（例电脑）会重新进行网络选择，影响的时间也不长，就2-3秒左右，不过您也可以进行手动重新连接。后续我们也会进一步的优化完善，希望您能谅解。
杭州到温州／宁波异地漫游出现故障的解释口径（宁波和温州只有提供4G，3／4G不互通）,尊敬的客户，您好！杭州4G上网伴侣用户可漫游到温州/宁波使用当地4G网络，但由于目前4G网络处于试商用阶段，温州／宁波暂不支持4G上网伴侣从3G网络切换到4G网络，即在温州／宁波4G网络覆盖区，如果需使用4G网络，需重起4G上网伴侣方可接入。
3/4G 切换导致故障的解释口径,尊敬的客户，您好！为避免4G上网伴侣在3G网络和4G网络间频繁扫描网络、切换而导致发热大、耗电高，目前在杭州地区4G上网伴从3G网络切换到4G网络或从4G网络切换到3G网络，切换时间为一般为30秒左右，信号不稳定时可能会长达5分钟，如果需要快速实现切换，可以重启4G上网伴侣。
除了B1有TD-LTE信号外，别的还有哪里有？具体哪里还能收到CMCC-LTE的信号？,目前我们已经完成了武林商圈、黄龙商圈等杭州主城区以及滨江、下沙等点的覆盖。今年5月份，我们将完成杭州主城区和萧山、余杭主城区的TD-LTE覆盖，到年底，包括杭州城区和萧山区、余杭区，无论商业街、公交车站还是地铁等等，届时都能收到4G信号。目前4G终端还没有正式销售，所以您目前如果要使用4G网络，可以在我们4G wifi已覆盖的B1公交车上体验4G。
现在4G都是以WIFI的形式实现的，直接连接4G网络的4G终端何时才会推出？,目前已经有数据卡、无线路由器、家庭网关、平板电脑等多种终端已处于入网测试阶段，并将在4月19日杭州电子信息博览会进行展示，预计很快将投入商用。各大终端厂家均有4G终端研发计划，4G无线网关，4G上网伴侣等产品最早可以在5月推出，LTE手机预计在年底推出。
4G何时开始收费？,由于4G业务还处于试商用体验阶段，目前在这期间体验都是免费的，欢迎您踊跃参与。后续该业务进入正式商用，会出台具体资费的。
你们移动连3G都还没有发展成熟，比不过电信和联通，怎么就开始发展4G了，基于什么考虑呢？,3G时代，联通、电信使用的都是国外的标准，而中国移动使用的是具有自主知识产权的标准，初生之物，其形必丑。但是经过广大技术人员不懈努力和追求，目前的4G技术不亚于全球任何4G标准，速度远超于3G，中国移动对今后TD-LTE的发展有绝对的信心的底气。
4G的网速这么快，以后流量肯定很大，资费会不会很贵呀？,该业务进入正式商用后，会有具体的资费出台，资费定价会充分考虑用户的使用习惯和价格需求等因素。
我是用苹果的，我感觉用联通上网速度和用4G上网速度差不多么，那4G的速度好像也没比3G快多少？,"答1：移动4G的各项实测速度均已遥遥领先其他制式，目前国内其他任何网络都无法达到这个速度和支撑这么多用户同时使用，手机由于上网消耗带宽很小，可能用户感知不是很明显，若是进行大容量的文件下载对比就会很明显。
答2：采用直接上网的方式，测试网速最高可以达到80M。为了让用户提前体验4G网络，B1车上采用了4G转Wifi的技术，对带宽有一定影响，但也可以达到10-20M。因苹果手机目前暂不支持TD-LTE网络，无法对比测试。"
下载速度或者流媒体是很快，或没传说的这么快？,"答1：移动4G的各项实测速度均已遥遥领先其他制式，目前国内其他任何网络都无法达到这个速度和支撑这么多用户同时使用，速率快慢受终端性能、网络的繁忙程度、网站服务器稳定性以及各运营商之间互联互通等多方面因素影响，具体问题还需要具体分析，您看其他客户还是使用得挺顺畅的。
答2：这段时间刚开始试商用，很多用户在使用我们的4G网络，沿路都有我们路测的同时在检测，可能会对网络造成一定的突发性拥堵。
答3：采用直接上网的方式，测试网速最高可以达到80M。在B1车上由于Wifi的转换影响了最高速率，可以达到10-20M，今天为了让更多的用户畅快享受4G网络，我们做了单户4M的限速，可能会在速度感知上有所影响。
"
网页打开慢，下载速度不稳定，还断开等问题，这是为什么？,"答1：首先建议用户重新登陆或者重新连接相关业务。如果还不行回答参考如下：速率快慢受终端性能、网络的繁忙程度、网站服务器稳定性以及各运营商之间互联互通等多方面因素影响，具体问题还需要具体分析，您看其他客户还是使用得挺顺畅的。
答2、这段时间刚开始试商用，很多用户在使用我们的4G网络，沿路都有我们路测的同时在检测，可能会对网络造成一定的突发性拥堵。
"
移动发展3G的实际速率都无法达到理论速率，移动4G可以达到你们所说的速率吗？,移动网络专家已多场景、多业务反复测试，实际测试效果已接近理论值，相关测试报告已提交国家相关部门。实际使用过程中由于无线环境差别很大，体验感受也会不同。
4G转wifi和普通wifi有什么区别？,普通WIFI采用有线接入，4G转WIFI采用无线TD-LTE信号接入，4G信号接入的好处是WIFI可以随着带，不受地理位置限制。
现在市场上以苹果为主流系统之一，现在可以通过4G转WIFI来实现4G上网，如果4G全覆盖后，苹果是否能兼容4G网络呢？,美国已有商用LTE信号运营，苹果也在考虑IPHONE5上携带LTE信号，苹果对4G网络的兼容是一种趋势。我们即将推出的家庭网关和4G上网伴侣等产品可以将4G信号转化为WIFI信号，苹果终端也可以进行使用。
什么时候能体验到你们4G100M的速率，或者什么样的场景可以到，其他场景不能到的原因是什么？,目前，我们进行的4G用户体验测试，上网峰值下行速度最高达到了每秒八十兆，已经相当接近理论值。但是网络速率快慢受终端性能、网络的繁忙程度、网站服务器稳定性等多方面因素影响，实际场景或多会受其他因素干扰。
无线网络是否可以替代有线宽带，安全性如何？,这是两种不同的应用场景，无线宽带我们着重向大家推荐的是它的移动性和便捷性，您随时随地可以高速上网，这是有线快带无法实现的，4G网络的加密算法也都采用了目前业界领先的技术。
这是两种不同的应用场景，无线宽带我们着重向大家推荐的是它的移动性和便捷性，您随时随地可以高速上网，这是有线快带无法实现的，4G网络的加密算法也都采用了目前业界领先的技术。,下车后，4G网络将自动断开，是否会自动切换到其他wifi或者CMCC或GPRS视终端的设置而定
联通电信会用移动TD-LTE吗？4G牌照什么时候发？,运营商采用的技术标准以及4G牌照的颁发需由国家相关部门确定，目前尚不明确。
3G和4G相比哪个更稳定？,取决于网络覆盖的质量，基站覆盖情况越好，就会越稳定，大家都知道中国移动一直致力于优化网络覆盖，相信4G网络的建设一定会更加出色。
使用4G网络是否需要换终端？,使用MIFI可将4G信号转为WIFI信号，手机通过WIFI接入4G网络，如需直接接入4G网络，需更换终端。
4G手机和现在3G手机比，有什么不同？,手机可以更像一台小型电脑，互联网上的各种功能都可以便捷地移植到手机上，不仅可以随时随地通信，更可以双向下载传递资料、享受高清视频、互动游戏等原本只能出现在互联网上的业务。
终端使用4G时的耗电量是否会增大,智能终端操作系统对终端的耗电影响会比网络影响更大，为满足用户对更为丰富的4G业务的需求，终端厂商在销售的终端上已增加大容量电池配置，以便您更换使用。
4G基站切换时是否会影响速率,取决于网络优化的程度，基站覆盖情况越好，影响越小。
国外购置的4G手机能不能用国内的4G网络,视具体终端型号而定。
和联通电信3G对比，移动4G有什么优势？哪个更快？,采用直接上网的方式，测试网速最高可以达到80M，单用户路测平均速率达到20-30M，远超过联通、电信3G速率。
以后用4G的各种终端上网（cpe、4G手机、上网卡、mifi)，实际可以达到多少速率？,目前测试网速最高可以达到80M，但是终端的实际速率会受套餐分配的速率和终端性能的影响，网络的繁忙程度、网站服务器稳定性也会对实际速率有一定影响。
为什么宣传下载可以达到80M，实际体验下来远没到这个水平，差距为什么这么大？,取决于用户所在地信号质量及同时上网人数（可参考赛车比喻）。
B1车最高速率可以到多少，单个用户最高速率可以到多少？,采用直接上网的方式，测试网速最高可以达到80M。在B1车上由于Wifi的转换影响了最高速率，可以达到10-20M。
4G和有线宽带的速度比哪个更快？,目前4G能提供的最大带宽为80M，有线宽带的带宽有很多种，目前主流的有2M、4M、8M宽带，有线宽带的速率是恒定的，而无线宽带的速率受信号质量、用户人数等因素影响，在无线条件好、用户量适当的情况下，无线宽带在移动性等各方面还是具有优势的。
有5G技术存在吗？,目前有LTE A+演进计划，规划下行最高速率1G，上行500M。
TD-LTE的优势？比FDD？,有更高的频谱利用率，适合目前频谱资源紧缺的大环境，下行速率超过FDD制式。
什么时候4G技术开始大范围应用呢？,随着TD-LTE终端入网测试陆续完毕，年内将会有一定规模TD-LTE终端试商用。
听说现在的4G不是真正的4G？,中移动TDD频谱的长期演进技术，目前采用的是国际标准4G制式，后期的远景LTE A+等技术都将在此基础上演进优化。
4G网络的辐射是不是很强？,4G的i辐射和3G没有太大的差别，就像您乘坐的B1车，辐射最多只有50mw，一般的吹风机的功率就有12W，所以它对人体基本不会产生什么影响。
移动客户对认证方式做调整提出咨询,今年2月温州移动与温州公交集团合作率先在5路公交车上实现了TD-LTE即4G网络的覆盖，客户在乘坐5路公交时可享受4G免费体验服务。运行过程中，我公司技术人员不断地对网络进行完善，目前5路公交4G网络已较稳定。在5路公交上使用4G网络需通过手机获取密码进行免费体验，为移动客户提供更加安全、稳定的4G网络。 
认证页面打开比较慢,"原因：由于5路公交车采用了新的加密技术，加强了客户的安全性；由于传递的信息较多，数据量大导致信号不佳处页面打开较慢。 答：请确认接受4G信号是否良好，如信号较弱导致网速慢，属于正常现象。 "
页面提示“网络繁忙，请稍后再试”,服务器为避免攻击，对单个客户频繁操作进行了限制。
页面提示“客户名或密码错误”,"原因：除客户输错密码原因外，因客户使用的密码每天变更一次，浏览器保存的密码没有更新。 答：请删除浏览器保存的密码后，重新打开浏览器登陆，获取密码后尝试登陆。"
页面提示“客户已在线”：,"原因：客户的同一号码不同终端同时使用或者在同一终端同时使用不同浏览器登陆。 答：请确认帐号未在其他手机或者pc上使用，如有使用，请关闭该终端；如未在其他终端上使用，请查看手机运行中的应用程序，关闭所有浏览器应用程序，并重新打开浏览器尝试。"
除了5路有TD-LTE信号外，别的还有哪里有？具体哪里还能收到CMCC-LTE的信号？,"目前我们已经完成了鹿城主城区、瓯海高教园区、龙湾机场等温州主城区覆盖。今年6月份，我们将完成温州主城区的TD-LTE覆盖，到年底，包括温州城区和县市主城区届时都能收到4G信号。目前4G终端已正式销售，您可以到人民路、欧洲城、金河、万川、新城、水心、洪殿等营业厅购买，具体资费为80元/120元/200元分别享受4G/8G/15G流量。
"
4G何时开始收费？,由于4G业务还处于试商用体验阶段，目前在这期间体验都是免费的，欢迎您踊跃参与。后续该业务进入正式商用，会出台具体资费的。
你们移动连3G都还没有发展成熟，比不过电信和联通，怎么就开始发展4G了，基于什么考虑呢,3G时代，联通、电信使用的都是国外的标准，而中国移动使用的是具有自主知识产权的标准，初生之物，其形必丑。但是经过广大技术人员不懈努力和追求，目前的4G技术不亚于全球任何4G标准，速度远超于3G，中国移动对今后TD-LTE的发展有绝对的信心和底气。
我是用苹果的，我感觉用联通上网速度和用4G上网速度差不多么，那4G的速度好像也没比3G快多少？,"答1：移动4G的各项实测速度均已遥遥领先其他制式，目前国内其他任何网络都无法达到这个速度和支撑这么多客户同时使用，手机由于上网消耗带宽很小，可能客户感知不是很明显，若是进行大容量的文件下载对比就会很明显。
答2：采用直接上网的方式，测试网速最高可以达到80M。为了让客户提前体验4G网络，5路车上采用了4G转Wifi的技术，对带宽有一定影响，但也可以达到10-20M。因苹果手机目前暂不支持TD-LTE网络，无法对比测试。"
"下载速度或者流媒体是很快，或没传说的这么快？
","答1：移动4G的各项实测速度均已遥遥领先其他制式，目前国内其他任何网络都无法达到这个速度和支撑这么多客户同时使用，速率快慢受终端性能、网络的繁忙程度、网站服务器稳定性以及各运营商之间互联互通等多方面因素影响，具体问题还需要具体分析，您看其他客户还是使用得挺顺畅的。
答2：这段时间刚开始试商用，很多客户在使用我们的4G网络，沿路都有我们路测的同时在检测，可能会对网络造成一定的突发性拥堵。
答3：采用直接上网的方式，测试网速最高可以达到80M。在5路车上由于Wifi的转换影响了最高速率，可以达到10-20M，今天为了让更多的客户畅快享受4G网络，我们做了单户4M的限速，可能会在速度感知上有所影响。
"
网页打开慢，下载速度不稳定，还断开等问题，这是为什么？,"答1：首先建议客户重新登录或者重新连接相关业务。如果还不行回答参考如下：速率快慢受终端性能、网络的繁忙程度、网站服务器稳定性以及各运营商之间互联互通等多方面因素影响，具体问题还需要具体分析，您看其他客户还是使用得挺顺畅的。
答2、这段时间刚开始试商用，很多客户在使用我们的4G网络，沿路都有我们路测的同时在检测，可能会对网络造成一定的突发性拥堵。"
移动发展3G的实际速率都无法达到理论速率，移动4G可以达到你们所说的速率吗？,"移动网络专家已多场景、多业务反复测试，实际测试效果已接近理论值，相关测试报告已提交国家相关部门。实际使用过程中由于无线环境差别很大，体验感受也会不同。
"
4G转wifi和普通wifi有什么区别？,普通WIFI采用有线接入，4G转WIFI采用无线TD-LTE信号接入，4G信号接入的好处是WIFI可以随着带，不受地理位置限制。
现在市场上以苹果为主流系统之一，现在可以通过4G转WIFI来实现4G上网，如果4G全覆盖后，苹果是否能兼容4G网络呢？,"美国已有商用LTE信号运营，苹果也在考虑IPHONE5上携带LTE信号，苹果对4G网络的兼容是一种趋势。我们即将推出的家庭网关和4G上网伴侣等产品可以将4G信号转化为WIFI信号，苹果终端也可以进行使用。
"
什么时候能体验到你们4G100M的速率，或者什么样的场景可以到，其他场景不能到的原因是什么？,目前，我们进行的4G客户体验测试，上网峰值下行速度最高达到了每秒八十兆，已经相当接近理论值。但是网络速率快慢受终端性能、网络的繁忙程度、网站服务器稳定性等多方面因素影响，实际场景或多会受其他因素干扰
无线网络是否可以替代有线宽带，安全性如何？,"这是两种不同的应用场景，无线宽带我们着重向大家推荐的是它的移动性和便捷性，您随时随地可以高速上网，这是有线快带无法实现的，4G网络的加密算法也都采用了目前业界领先的技术。
"
没有4G wifi的地段会直接断网还是会自动切换到其他wifi或者CMCC或GPRS？,下车后，4G网络将自动断开，是否会自动切换到其他wifi或者CMCC或GPRS视终端的设置而定。
"联通电信会用移动TD-LTE吗？4G牌照什么时候发？
",运营商采用的技术标准以及4G牌照的颁发需由国家相关部门确定，目前尚不明确。
"3G和4G相比哪个更稳定？
",取决于网络覆盖的质量，基站覆盖情况越好，就会越稳定，大家都知道中国移动一直致力于优化网络覆盖，相信4G网络的建设一定会更加出色。
使用4G网络是否需要换终端？,使用MIFI可将4G信号转为WIFI信号，手机通过WIFI接入4G网络，如需直接接入4G网络，需更换终端。
4G手机和现在3G手机比，有什么不同？,手机可以更像一台小型电脑，互联网上的各种功能都可以便捷地移植到手机上，不仅可以随时随地通信，更可以双向下载传递资料、享受高清视频、互动游戏等原本只能出现在互联网上的业务。
终端使用4G时的耗电量是否会增大？,智能终端操作系统对终端的耗电影响会比网络影响更大，为满足客户对更为丰富的4G业务的需求，终端厂商在销售的终端上已增加大容量电池配置，以便您更换使用。
4G基站切换时是否会影响速率？,"取决于网络优化的程度，基站覆盖情况越好，影响越小。
"
国外购置的4G手机能不能用国内的4G网络？,视具体终端型号而定。
和联通电信3G对比，移动4G有什么优势？哪个更快？,采用直接上网的方式，测试网速最高可以达到80M，单客户路测平均速率达到20-30M，远超过联通、电信3G速率。
以后用4G的各种终端上网（cpe、4G手机、上网卡、mifi)，实际可以达到多少速率？,目前测试网速最高可以达到80M，但是终端的实际速率会受套餐分配的速率和终端性能的影响，网络的繁忙程度、网站服务器稳定性也会对实际速率有一定影响。
为什么宣传下载可以达到80M，实际体验下来远没到这个水平，差距为什么这么大？,取决于客户所在地信号质量及同时上网人数（可参考赛车比喻）。
5路车最高速率可以到多少，单个客户最高速率可以到多少？,采用直接上网的方式，测试网速最高可以达到80M。在5路车上由于Wifi的转换影响了最高速率，可以达到10-20M。
4G和有线宽带的速度比哪个更快？,目前4G能提供的最大带宽为80M，有线宽带的带宽有很多种，目前主流的有2M、4M、8M宽带，有线宽带的速率是恒定的，而无线宽带的速率受信号质量、客户人数等因素影响，在无线条件好、客户量适当的情况下，无线宽带在移动性等各方面还是具有优势的。
有5G技术存在吗？,目前有LTE A+演进计划，规划下行最高速率1G，上行500M。
TD-LTE的优势？比FDD？,有更高的频谱利用率，适合目前频谱资源紧缺的大环境，下行速率超过FDD制式。
什么时候4G技术开始大范围应用呢？,随着TD-LTE终端入网测试陆续完毕，年内将会有一定规模TD-LTE终端试商用。
听说现在的4G不是真正的4G？,"中移动TDD频谱的长期演进技术，目前采用的是国际标准4G制式，后期的远景LTE A+等技术都将在此基础上演进优化。
"
4G网络的辐射是不是很强？,4G的i辐射和3G没有太大的差别，就像您乘坐的5路车，辐射最多只有50mw，一般的吹风机的功率就有12W，所以它对人体基本不会产生什么影响。
4G（TD-LTE）是什么？,4G是第四代移动通信技术的简称，其网络速度可达3G网络速度的十几倍到几十倍。其中TD-LTE是高带宽、高质量的新一代无线宽带通信标准之一，具有高速度、低时延、国际化的特点。
中国移动4G的技术标准是什么？,中国移动4G采用的是TD-LTE网络，它是比我们现在用的3G网络有着更大带宽、更高速率的下一代移动通信网络。
"4G有什么特点? 和现在的2G、3G相比，4G有哪些优势？ ","4G最大优势是速度快！目前，从我们已经进行TD-LTE的测试来看，最大下载速度将达到每秒30兆。以下载电影为例，一部700M的高清电影，用4G网络下载，最快5分多钟就可以完成。
"
所有手机都能使用移动4G吗？,目前带WIFI功能的手机都能用WIFI功能接入经过信号转换的CMCC-4G网络，如需直接接入4G网络，需要更换为支持TD-LTE网络的手机。
CMCC-4G流量收费吗？,"目前体验期不收费，建议客户在体验期间关闭手机的数据网络或者蜂窝网络，以免产生移动数据流量。
"
4G信号覆盖如何？,目前我公司已在快速公交1号线全程覆盖了4G信号，客户可在公交车上体验高速上网；后续工程将覆盖整个舟山主城区。
目前4G的上网速率是多少？,客户使用LTE网络上网时，理论下载最大速率可达80Mb/秒，上传最大速率可达10Mb/秒，舟山快速公交线实测下载最大速率为30Mb/秒(即每秒可下载30Mb/8=3.75MB/S)，上传最大速率可达8Mb/秒。
目前有何手机终端支持TD-LTE？,新发布的4G手机分别为三星GT-N7108D(note2移动4G版)、索尼M35T、中兴U9815、酷派8735；另外iphone 5s/5C也支持TD-LTE。
可选择的数据终端有哪些？,有数据卡；Mi-Fi（俗称“上网伴侣”），它的功能是将4G网络信号转换成您手机、iPad、笔记本电脑都通用的WIFI信号；4G无线网关（CPE）与常用的无线路由器相似，但和无线路由器不同的是，它使用更方便，可随时移动。
